sid,lat,lon,ta,pa,tb,pb
ARM00087155,-27.4389,-59.046,2.475848964232519,2.2394752718923883e-11,-0.08551836363116316,0.8298542492807555
ARM00087344,-31.2966,-64.2119,2.570975329577157,2.6205884129382184e-09,-0.002448531860296581,0.9731129344898719
ARM00087418,-32.8438,-68.7963,0.4690431519699812,2.2838309510220256e-07,-0.0,0.9080216688106224
ARM00087576,-34.8186,-58.5423,1.2490007993605117,0.06546542037866199,-0.029834418974690448,0.3842063916413183
ARM00087623,-36.5931,-64.2799,5.228203947221405,0.002592348247037135,0.4179947486810788,0.4116995430993482
ARM00087715,-38.952,-68.1367,1.2847215913807664,0.0012396887149352942,-0.046194977451076605,0.5966289781392078
BRM00082193,-1.3833,-48.4833,1.0661197390446586,0.00028126192226807234,-0.0,0.49064360490624015
BRM00082332,-3.15,-59.9833,0.742931583079533,0.04730904754490384,0.02695134432356411,0.8308344063818671
BRM00082599,-5.9167,-35.25,-0.0,0.9800736191535913,-0.0,0.4755326595969014
BRM00082824,-8.7667,-63.9167,-0.38156288156288154,0.539969993665325,-0.09418413078634086,0.050780729667566415
BRM00083208,-12.7,-60.1,0.9411853563656031,0.004619028492425015,0.19841269841269843,0.01939756973869744
BRM00083362,-15.65,-56.1,1.5563372774757473,0.19459514049618587,-0.05446623093681913,0.7128806637550735
BRM00083378,-15.8729,-47.9241,0.5617075910768735,0.12372346243158372,0.006783340116673426,0.2935569762867438
BRM00083566,-19.6167,-43.9667,0.5767012687427913,0.15631053721479238,-0.0,0.14317221558766668
BRM00083612,-20.4667,-54.6667,2.2050466828298534,0.040851693454423854,0.5015229734330857,0.028601609025630914
BRM00083746,-22.8167,-43.25,0.9578594853481609,4.626077299008102e-12,0.05787037037037028,0.5876743912830258
BRM00083827,-25.6003,-54.485,5.005315806444547,0.0006857618172484425,0.43758869755447966,0.31172310510170176
BRM00083840,-25.5167,-49.1667,1.0016915439713863,0.002383632048891693,0.10701545778834719,0.04276537078128606
BRM00083899,-27.6667,-48.55,0.6182573615665301,0.566142727568169,-0.3751045329435161,0.2786431493312773
CIM00085442,-23.4536,-70.4453,-0.0,0.24315881591696176,-0.0,0.19762109031884822
CIM00085799,-41.435,-73.0978,0.4459416936191518,0.0002823318183533541,-0.0,0.09248136241219762
FGM00081405,4.8222,-52.3653,0.024693600092297513,0.9741234194316013,-0.0,0.9386533333407867
