sid,lat,lon,n12_calido,temporadas,frec_jet_12,tend_pp_dec,p_tend,nucleo_v_med,nucleo_dp_med,frec_jet_00,snht,quiebre,salto_v850
ARM00087155,-27.44,-59.05,5449,40,15.654,2.441,0.0,17.0,62.6,4.95,7.212,2021-04,-0.842
ARM00087344,-31.3,-64.21,5379,37,16.062,2.472,0.0,15.4,78.0,18.053,,,
ARM00087418,-32.84,-68.8,3528,26,1.474,0.479,0.0,13.9,166.0,0.871,,,
ARM00087576,-34.82,-58.54,6016,42,9.641,1.372,0.062,14.4,62.0,4.243,,,
ARM00087623,-36.59,-64.28,5846,40,19.398,5.207,0.003,15.95,51.0,,,,
ARM00087715,-38.95,-68.14,3640,25,5.604,1.285,0.001,15.65,82.5,,,,
BRM00082022,2.85,-60.69,3065,19,44.992,,,14.9,76.0,6.061,,,
BRM00082193,-1.38,-48.48,4847,37,3.693,1.066,0.0,13.4,85.0,19.222,108.566,1987-05,1.706
BRM00082244,-2.43,-54.72,2868,19,15.551,,,13.9,80.0,2.776,18.691,2023-01,0.457
BRM00082281,-2.6,-44.23,2575,19,5.165,,,14.9,72.0,30.0,,,
BRM00082332,-3.15,-59.98,4256,32,5.169,0.779,0.054,13.65,90.25,1.772,,,
BRM00082599,-5.92,-35.25,4193,32,0.119,-0.0,0.979,59.2,63.0,0.16,,,
BRM00082824,-8.77,-63.92,3882,26,3.04,-0.382,0.54,13.4,97.0,1.065,,,
BRM00082983,-9.38,-40.48,2871,19,1.219,,,13.9,113.0,,,,
BRM00083208,-12.7,-60.1,4287,29,5.528,0.941,0.005,13.4,64.0,2.414,,,
BRM00083362,-15.65,-56.1,3255,22,7.742,1.556,0.259,13.9,78.0,3.591,,,
BRM00083378,-15.87,-47.92,5991,41,6.376,0.637,0.099,13.9,91.0,2.424,,,
BRM00083566,-19.62,-43.97,3889,27,2.803,0.577,0.156,13.9,117.0,1.547,,,
BRM00083612,-20.47,-54.67,4407,29,9.871,2.472,0.028,14.9,60.0,2.217,17.972,2000-04,1.09
BRM00083649,-20.27,-40.28,2768,17,10.621,,,13.9,108.5,28.832,,,
BRM00083746,-22.82,-43.25,5585,40,2.596,0.946,0.0,13.4,143.0,1.316,,,
BRM00083768,-23.33,-51.13,2835,17,9.947,,,13.9,78.0,0.962,11.303,2013-10,0.384
BRM00083827,-25.6,-54.48,4368,29,20.49,5.005,0.001,14.9,79.0,2.046,7.829,1995-06,-1.014
BRM00083840,-25.52,-49.17,5644,40,5.103,1.109,0.001,14.4,97.0,0.916,4.097,2024-09,0.464
BRM00083899,-27.67,-48.55,3066,21,7.567,0.618,0.566,13.9,121.0,5.247,5.595,2024-09,-0.673
BRM00083928,-29.78,-57.03,2633,18,11.318,,,14.9,57.35,3.178,3.454,2020-11,0.397
CIM00085442,-23.45,-70.45,5546,35,0.343,-0.0,0.243,12.9,188.0,0.496,,,
CIM00085799,-41.44,-73.1,5545,41,1.93,0.497,0.0,16.0,68.0,,,,
COM00080222,4.7,-74.15,2718,20,0.478,-0.0,0.781,14.4,182.0,0.288,,,
FGM00081405,4.82,-52.37,4571,32,2.844,0.025,0.974,13.9,92.0,2.248,,,
PEM00084628,-12.02,-77.12,1614,14,0.31,,,15.4,163.9,0.177,,,
