fecha,sondeos
1979,12291.0
1980,8648.0
1981,7403.0
1982,9120.0
1983,10821.0
1984,9109.0
1985,7582.0
1986,6879.0
1987,6730.0
1988,6576.0
1989,6446.0
1990,5453.0
1991,6254.0
1992,6262.0
1993,6184.0
1994,6712.0
1995,7744.0
1996,6390.0
1997,5397.0
1998,7199.0
1999,9032.0
2000,9195.0
2001,9798.0
2002,8001.0
2003,10721.0
2004,11446.0
2005,11836.0
2006,9618.0
2007,10934.0
2008,12992.0
2009,13489.0
2010,13879.0
2011,15117.0
2012,14478.0
2013,16205.0
2014,15595.0
2015,15371.0
2016,15165.0
2017,16820.0
2018,17109.0
2019,16474.0
2020,13195.0
2021,10798.0
2022,12713.0
2023,12747.0
2024,11963.0
2025,12934.0
