estacion,criterio,corrige_fuente,beta,lo,hi
Resistencia,completo,False,2.5510814391506917,1.355590275191991,3.843536081938955
Resistencia,completo,True,0.03583685472129371,-2.450249974168027,2.1927249877497736
Resistencia,fijos,False,0.09204008031479909,-0.47405835788245726,0.6975768576933566
Resistencia,fijos,True,-0.7621669361789224,-1.7282559182247432,0.31036627885163465
Córdoba,completo,False,2.5963470051240014,1.821272774803657,3.4466794910808174
Córdoba,completo,True,2.969239331180798,0.9068977255392543,4.713771607259487
Córdoba,fijos,False,0.05710477711565534,-0.2795776718003942,0.408675809246892
Córdoba,fijos,True,0.37063017315482566,-0.25162063673145135,1.0031966047908918
Santa Rosa,completo,False,4.525246928084864,3.0167687348222327,5.944550167303512
Santa Rosa,completo,True,4.290602087119655,2.1427469253551554,6.07140065794031
Santa Rosa,fijos,False,0.19907696160829413,-0.4078890049010312,0.8242845107588231
Santa Rosa,fijos,True,0.15799517063531027,-0.9623076429000581,1.1033246444861713
Ezeiza,completo,False,1.1088609988436047,-0.06647715241966251,2.2094414706529313
Ezeiza,completo,True,-0.654962060285093,-2.7390045923938438,1.0360501932311508
Ezeiza,fijos,False,-0.241654937871446,-0.6532850539391796,0.0484511162621084
Ezeiza,fijos,True,-0.34987870912794056,-0.9595911329999478,0.0807621114812298
Foz,completo,False,4.41416502818857,2.2048863831552494,6.900659910965165
Foz,completo,True,3.5191386451659596,0.26392535318797944,6.525247412494548
Foz,fijos,False,0.49361183583084567,-0.13705531471634602,1.3198751094067545
Foz,fijos,True,-0.11618455311540085,-1.177286328745198,0.9128349797308073
Campo Grande,completo,False,2.6477988445414513,1.9064474080462464,3.5539397394426846
Campo Grande,completo,True,2.8420465731796454,1.0259871390716795,4.708762199780151
Campo Grande,fijos,False,0.5880806867485319,0.21689163315184762,0.9744534705337188
Campo Grande,fijos,True,0.9439623214791023,0.23266548748013308,1.6668685726314811
Uruguaiana,completo,False,1.5111265293806173,-1.107245123999771,4.4690485669176585
Uruguaiana,completo,True,2.9767652121806134,0.46353163738459385,4.94029097403355
Uruguaiana,fijos,False,-0.11626488010744694,-1.0975046999180433,1.0917281097206435
Uruguaiana,fijos,True,0.1005818213272724,-0.831173477906012,1.4314481236953331
Cuiabá,completo,False,1.2446853800458206,-0.296055791084471,2.783800143651464
Cuiabá,completo,True,0.5423303396903816,-1.102606052036316,2.0754645498221183
Cuiabá,fijos,False,-0.182660515451186,-0.7800491386000518,0.292144152405216
Cuiabá,fijos,True,-0.039198443369806685,-0.6951591163338215,0.48415982459748075
Vilhena,completo,False,0.8672312815082801,0.2593010139049114,1.5722253522569907
Vilhena,completo,True,0.1650288061674024,-0.9509607196677545,1.0132732284760608
Vilhena,fijos,False,0.07309555236306457,-0.3221560375594625,0.3435615884245308
Vilhena,fijos,True,0.0036338790252913662,-0.3710287712282441,0.35247272970453103
Porto Velho,completo,False,-0.04379319896318651,-0.9579922405696316,0.7433871156927219
Porto Velho,completo,True,-1.3952475509605624,-2.6256259248360094,-0.2730891394502046
Porto Velho,fijos,False,-0.20839946547646718,-0.4950320954187579,0.04650820649456914
Porto Velho,fijos,True,-0.5344344530417827,-0.8930573242003577,-0.14380272304157135
Agrupado,completo,False,2.4154806333707977,1.9605004745204493,2.965998915109426
Agrupado,completo,True,1.6997274852048332,0.7253347076176879,2.445572334705761
Agrupado,fijos,False,0.10244634039105503,-0.06813707245235372,0.29807068432593103
Agrupado,fijos,True,-0.0018972487369661745,-0.3110645199257946,0.2899593989761464
Agrupado sin Porto Velho,completo,False,2.5393134079337925,2.0554968196938708,3.1347834930088325
Agrupado sin Porto Velho,completo,True,1.8517726239139312,0.7877291559673694,2.67340893288094
Agrupado sin Porto Velho,fijos,False,0.12456789265878748,-0.05023103207093968,0.3482616236873213
Agrupado sin Porto Velho,fijos,True,0.03321599418997463,-0.3156497968034219,0.33507997772181053
