sid,nivel,desde,hasta,media,ajuste_m_s,se_m_s
ARM00087155,925,1992-10,1997-10,-0.8961689982538887,-1.0719996244935757,0.14025590386335252
ARM00087155,925,1997-11,2025-12,0.17583062623968698,0.0,0.0
ARM00087344,925,1992-10,2025-12,-1.1102230246251566e-17,0.0,0.0
ARM00087623,925,1993-11,2000-01,-0.810850159468337,-0.9956762987589138,0.1843067114688256
ARM00087623,925,2000-02,2025-12,0.1848261392905768,0.0,0.0
ARM00087576,925,1993-11,1997-03,-0.7729231277490022,-0.8862851864855225,0.07097531947114279
ARM00087576,925,1997-10,2022-03,0.11336205873652029,0.0,0.0
BRM00083827,925,1992-11,2010-01,-0.5271269195894369,-0.9772577722725516,0.08371053690019645
BRM00083827,925,2010-02,2025-12,0.4501308526831147,0.0,0.0
BRM00083612,925,1994-10,2025-12,2.3843715965104033e-17,0.0,0.0
BRM00083928,925,2004-10,2025-12,-1.586032892321652e-17,0.0,0.0
BRM00083362,925,1996-10,2021-03,-9.10018872643571e-19,0.0,0.0
BRM00083208,925,1993-11,2025-12,1.1023491024646945e-17,0.0,0.0
BRM00082824,925,1993-11,2025-12,2.220446049250313e-18,0.0,0.0
ARM00087155,850,1979-01,1989-12,0.6120141133722417,0.980689783912293,0.10704395460461187
ARM00087155,850,1990-01,1997-12,-0.611124796772075,-0.24244912623202364,0.12492847173422782
ARM00087155,850,1998-01,2018-10,0.02284276537113965,0.391518435911191,0.0649065407629511
ARM00087155,850,2018-11,2025-12,-0.36867567054005135,0.0,0.0
ARM00087344,850,1979-01,2025-12,0.0,0.0,0.0
ARM00087623,850,1979-01,1989-03,0.4192786808411112,0.6578200456133463,0.11241711585895917
ARM00087623,850,1991-10,1997-11,-0.4454191400160712,-0.20687777524383608,0.09698983164273854
ARM00087623,850,1997-12,2017-11,0.005855774875912765,0.24439713964814788,0.059233412691310876
ARM00087623,850,2017-12,2025-12,-0.23854136477223511,0.0,0.0
ARM00087576,850,1979-01,1992-03,0.3013928912442053,0.4377773839301306,0.07990870258588706
ARM00087576,850,1992-10,2022-03,-0.13638449268592528,0.0,0.0
BRM00083827,850,1979-01,2025-12,1.5766480823079147e-17,0.0,0.0
BRM00083612,850,1979-01,2000-02,0.206356723190261,0.3594046262230379,0.09503350531810463
BRM00083612,850,2000-03,2025-12,-0.15304790303277693,0.0,0.0
BRM00083928,850,1979-01,2025-12,1.5419764230904953e-17,0.0,0.0
BRM00083362,850,1996-02,2021-03,9.026203452237046e-19,0.0,0.0
BRM00083208,850,1980-10,2025-12,-9.760202414287091e-18,0.0,0.0
BRM00082824,850,1979-01,2025-12,4.15522067695965e-17,0.0,0.0
ARM00087155,700,1979-01,2025-12,-1.9520404828574182e-17,0.0,0.0
ARM00087344,700,1979-01,2025-12,1.4500872158369393e-17,0.0,0.0
ARM00087623,700,1979-01,2025-12,2.1930331350620375e-17,0.0,0.0
ARM00087576,700,1979-01,2022-03,2.7328566760003855e-17,0.0,0.0
BRM00083827,700,1979-01,2025-12,0.0,0.0,0.0
BRM00083612,700,1979-01,2005-11,0.3669931324056986,0.6294190932555236,0.08685103136312243
BRM00083612,700,2005-12,1996-03,,,0.0
BRM00083612,700,1996-10,2025-12,-0.262425960849825,0.0,0.0
BRM00083928,700,1979-01,2025-12,1.9531701359146273e-17,0.0,0.0
BRM00083362,700,1996-02,2021-03,1.3539305178355567e-17,0.0,0.0
BRM00083208,700,1980-10,2025-12,-9.601928861622976e-18,0.0,0.0
BRM00082824,700,1979-01,2025-12,4.15522067695965e-17,0.0,0.0
