sid,estacion,nivel,fecha,paso_m_s,control_m_s,n_control,regional,p_permutacion,estabilidad_5_semillas,BH_q10
ARM00087155,Resistencia,925,1997-11,1.1222415094829048,-0.051902882322065996,2,False,0.011988011988011988,1.0,True
ARM00087623,Santa Rosa,925,2000-02,0.7764167177942455,0.0063799743427842516,3,False,0.014985014985014986,1.0,True
ARM00087576,Ezeiza,925,1997-10,0.7973294813750551,0.012990450497902595,2,False,0.007992007992007992,1.0,True
BRM00083827,Foz,925,2010-02,0.8312242566981829,-0.014177063571345128,4,False,0.000999000999000999,1.0,True
BRM00083612,Campo Grande,925,2003-11,0.5412702264531871,0.36210731318327655,4,True,0.03396603396603397,1.0,True
ARM00087155,Resistencia,850,1990-01,-1.1938986907809626,0.3514921014250382,2,False,0.000999000999000999,1.0,True
ARM00087155,Resistencia,850,1998-01,0.7439319269291869,0.1660618187928351,4,False,0.025974025974025976,1.0,True
ARM00087155,Resistencia,850,2018-11,-0.28849633093662164,-0.03200080913063307,6,False,0.03696303696303696,1.0,True
ARM00087623,Santa Rosa,850,1991-10,-0.9961730097441581,0.12946551093946562,2,False,0.006993006993006993,1.0,True
ARM00087623,Santa Rosa,850,1997-12,0.4357417563307879,0.1685082573708179,4,False,0.007992007992007992,1.0,True
ARM00087623,Santa Rosa,850,2017-12,-0.23217514254136934,-0.029388452595431474,6,False,0.00999000999000999,1.0,True
ARM00087576,Ezeiza,850,1992-10,-0.6138927754200658,0.15570891419629443,2,False,0.001998001998001998,1.0,True
ARM00087576,Ezeiza,850,1997-10,0.08823764362067237,0.20805469709988234,4,True,0.028971028971028972,1.0,True
BRM00083612,Campo Grande,850,2000-03,-0.42048261199902315,0.28151231224118234,4,False,0.012987012987012988,1.0,True
BRM00083612,Campo Grande,700,2005-12,-0.44864008281655154,-0.03475040542743371,4,False,0.000999000999000999,1.0,True
BRM00083612,Campo Grande,700,1996-10,-0.39597568883541945,0.09391900853545673,4,False,0.014985014985014986,1.0,True
BRM00083928,Uruguaiana,700,2010-02,-0.22853954962646333,-0.22509641303180397,4,True,0.01898101898101898,1.0,True
BRM00083362,Cuiabá,700,2009-01,-0.2931058568502152,-0.26533720109737485,4,True,0.003996003996003996,1.0,True
