desde,viento,control,beta,lo,hi
1980,crudo,sólo mes y estación,2.4433109307238814,1.9825613894679854,3.013327706920745
1980,crudo,+ fuente,1.732592033832236,0.7493069342861078,2.5042345501050414
1980,crudo,+ fuente + niveles mandatorios,2.2867702815160666,1.3312291954617863,3.1097988850185168
1980,crudo,+ fuente + nº de niveles (endógeno),0.9109885269422715,-0.08150921337486759,1.7071589975244694
1980,ajustado,sólo mes y estación,2.010353213049245,1.5417802837931758,2.5571989838756783
1980,ajustado,+ fuente,1.4888925886722901,0.5206396209744363,2.273995532844182
1980,ajustado,+ fuente + niveles mandatorios,2.0826527844928213,1.1413343716759277,2.921176207170131
1980,ajustado,+ fuente + nº de niveles (endógeno),0.598894960727629,-0.47339883422554524,1.4354684971433092
1993,crudo,sólo mes y estación,3.2489706030308834,2.4687420799870377,4.169228852192142
1993,crudo,+ fuente,2.4627530967898097,1.3978259669125563,3.522280081812268
1993,crudo,+ fuente + niveles mandatorios,2.4244600942268666,1.3905937596041833,3.491297324592119
1993,crudo,+ fuente + nº de niveles (endógeno),2.1125258113572105,1.1900318917803274,3.0351373029076996
1993,ajustado,sólo mes y estación,2.825856529883468,2.1207252172020277,3.6779115332418013
1993,ajustado,+ fuente,2.2197611380744995,1.1425153896815547,3.264498524771991
1993,ajustado,+ fuente + niveles mandatorios,2.179816054384066,1.1559858778808216,3.2037124071134806
1993,ajustado,+ fuente + nº de niveles (endógeno),1.864942716700203,0.9628245861340103,2.782505004599231
1980,crudo,sólo sondeos con ≥ 5 niveles en 0-250 hPa sólo mes y estación,2.562211232373524,1.9809853666622648,3.274672446054905
1980,crudo,sólo sondeos con ≥ 5 niveles en 0-250 hPa + fuente,1.4396311470156615,0.39363345109997816,2.282873028134393
1980,ajustado,sólo sondeos con ≥ 5 niveles en 0-250 hPa sólo mes y estación,1.977686024880813,1.3599581285944644,2.65193341501655
1980,ajustado,sólo sondeos con ≥ 5 niveles en 0-250 hPa + fuente,1.0677546955992276,-0.003046911726208646,1.9430925957576906
1980,crudo,sólo archivos USAF + GTS (excluye NCDC 6314/6316/6322) sólo mes y estación,2.374326604744441,1.890289993440636,2.965702042972013
1980,crudo,sólo archivos USAF + GTS (excluye NCDC 6314/6316/6322) + fuente,1.739240501210243,0.7618548208351362,2.5322206442526833
1980,ajustado,sólo archivos USAF + GTS (excluye NCDC 6314/6316/6322) sólo mes y estación,1.9143802500158151,1.4396441104554276,2.4827175825754386
1980,ajustado,sólo archivos USAF + GTS (excluye NCDC 6314/6316/6322) + fuente,1.4877249732466984,0.5289368125743831,2.26952775000254
1980,ajustado,"+ fuente, incertidumbre del ajuste",1.4888925886722901,0.5193002733294911,2.2756467316315003
1993,ajustado,"+ fuente, incertidumbre del ajuste",2.2197611380744995,1.1412982282033395,3.265753515054656
