IGRA,Estación,Lat (°),Lon (°),Alt (m),Período 12 UTC,Sondeos 12 UTC,Niveles 1980–95,Niveles 2005–25,Análisis
UCM00078988,Hato Airport; Curacao,12.2,-68.97,8,1980–2025,6333,6,8,N
COM00080035,Riohacha/Almirante Padilla,11.53,-72.93,4,1992–2016,1444,4,4,N
TDM00078970,Piarco Int. Airport; Trinidad,10.59,-61.34,12,1980–2025,7150,8,8,N
VEM00080413,Maracay - B.A. Sucre,10.25,-67.65,436,1980–2014,1597,6,3,N
VEM00080447,San Antonio Del Tachira,7.85,-72.45,377,1980–2013,1179,4,3,N
FGM00081405,Cayenne Matoury,4.82,-52.37,8,1980–2025,5840,4,6,T
COM00080222,Bogota/Eldorado,4.7,-74.15,2547,1980–2025,6466,7,7,
COM00080241,Las Gaviotas,4.55,-70.92,167,1980–2003,1161,5,–,N
BRM00082022,Boa Vista (Aero),2.85,-60.69,83,1980–2025,3691,4,8,N
BRM00082193,Belem (Aero),-1.38,-48.48,16,1982–2025,6435,7,8,T
BRM00082244,Santarem (Aero),-2.43,-54.72,72,2006–2025,3195,–,8,
BRM00082281,Sao Luis (Aero),-2.6,-44.23,53,1980–2021,3501,4,8,
BRM00082332,Manaus (Aero),-3.15,-59.98,84,1980–2025,6352,4,7,T
BRM00082599,Natal (Aero),-5.92,-35.25,52,1980–2025,5176,6,8,T
BRM00082824,Porto Velho (Aero),-8.77,-63.92,102,1980–2025,4937,4,7,T P E B
BRM00082983,Petrolina (82983-0),-9.38,-40.48,370,1980–2020,3570,5,7,
PEM00084628,Lima/Callao,-12.02,-77.12,12,1980–2020,1906,10,7,
BRM00083208,Vilhena (Aero),-12.7,-60.1,612,1980–2025,4880,6,8,T P E B
BRM00083362,Cuiaba (Aero),-15.65,-56.1,187,1996–2021,3565,–,7,T P E B
BRM00083378,Brasilia (Aero),-15.87,-47.92,1061,1980–2025,7363,5,7,T
BRM00083566,Confins (Aero),-19.62,-43.97,827,1994–2025,4558,5,7,T
BRM00083649,Vitoria (Aero),-20.27,-40.28,4,2008–2025,2976,–,8,
BRM00083612,Campo Grande (Aero),-20.47,-54.67,567,1980–2025,5920,3,8,T P E B
BRM00083746,Galeao (Aero),-22.82,-43.25,6,1980–2024,7421,6,7,T
BRM00083768,Londrina (Aero),-23.33,-51.13,569,2007–2025,2975,–,8,E B
CIM00085442,Antofagasta,-23.45,-70.45,112,1980–2025,6620,8,7,T
BRM00083840,Curitiba (Aero),-25.52,-49.17,908,1980–2025,6831,5,7,T
BRM00083827,Foz Do Iguacu (Aero),-25.6,-54.48,239,1992–2025,4530,11,8,T P E B
ARM00087155,Resistencia Aero,-27.44,-59.05,53,1980–2025,7313,7,8,T P E
BRM00083899,Florianopolis (Aero),-27.67,-48.55,5,2003–2025,3526,–,8,T
BRM00083928,Uruguaiana (Aero),-29.78,-57.03,74,2004–2025,2876,–,8,P E B
ARM00087344,Cordoba Aero,-31.3,-64.21,493,1980–2025,6839,5,8,T P E
ARM00087418,Mendoza Aero,-32.84,-68.8,705,1980–2025,5197,5,7,T
ARM00087576,Ezeiza Aero,-34.82,-58.54,20,1980–2022,7354,6,8,T P E
ARM00087623,Santa Rosa Aero,-36.59,-64.28,190,1980–2025,6966,6,7,T P E
ARM00087715,Neuquen Aero,-38.95,-68.14,270,1980–2025,4524,5,7,T
CIM00085799,Puerto Montt,-41.44,-73.1,87,1980–2025,7853,5,9,T
